,sequence_no,EverHad_Alcohol,AlcoholConsumptionFrequency_12Months,AverageDrinksPerDrinkingDay_12Months,MoreThanSpecificNumberOfDrinksFrequency,HeavyDrinkingWithinTwoHoursFrequency_12Months
count,6337.0,5481.0,4922.0,4069.0,4082.0,2366.0
mean,136348.73836200094,1.1091041780696953,5.030678585940675,5.842958957974933,4.742283194512494,4.838123415046492
std,3439.132475962008,0.3851143780981723,4.314320881490661,54.99644810818924,7.326041568114229,7.785414923147363
min,130378.0,1.0,5.397605346934028e-79,1.0,5.397605346934028e-79,5.397605346934028e-79
25%,133337.0,1.0,2.0,1.0,5.397605346934028e-79,5.397605346934028e-79
50%,136397.0,1.0,5.0,2.0,4.0,4.0
75%,139310.0,1.0,8.0,3.0,9.0,9.0
max,142310.0,9.0,99.0,999.0,99.0,99.0
