,sequence_no,EverTold_Hypertension,ConfirmedHypertension_Visits,CurrentlyTaking_BloodPressureMedication,EverTold_HighCholesterol,CurrentlyTaking_CholesterolMedication
count,8501.0,8498.0,2968.0,2969.0,8498.0,8498.0
mean,136369.13657216798,1.6594492821840432,1.2291105121293802,1.1869316268103738,1.6799246881619205,1.777006354436338
std,3443.2832889288147,0.542253287737144,0.8115705337768974,0.4769812373477104,0.7553033361184475,0.6251211055229097
min,130378.0,1.0,1.0,1.0,1.0,1.0
25%,133378.0,1.0,1.0,1.0,1.0,1.0
50%,136402.0,2.0,1.0,1.0,2.0,2.0
75%,139342.0,2.0,1.0,1.0,2.0,2.0
max,142310.0,9.0,9.0,9.0,9.0,9.0
