,sequence_no,EverTold_Diabetes,Age_DiabetesDiagnosis,EverTold_Prediabetes,BloodSugarTest_Last3Years,CurrentlyTaking_Insulin
count,11744.0,11740.0,1081.0,8022.0,8304.0,1081.0
mean,136347.8963726158,1.9344974446337309,70.01665124884366,1.8986537023186238,1.81876204238921,1.6817761332099908
std,3445.9088675956928,0.35872635994915847,140.78061373626934,0.4425061319873526,1.3938940881966069,0.46600249346042166
min,130378.0,1.0,1.0,1.0,1.0,1.0
25%,133359.75,2.0,40.0,2.0,1.0,1.0
50%,136354.5,2.0,50.0,2.0,2.0,2.0
75%,139327.25,2.0,60.0,2.0,2.0,2.0
max,142310.0,9.0,999.0,9.0,9.0,2.0
