,sequence_no,OverallHealth_TeethAndGums,MouthPain_Frequency_LastYear,LifeSatisfaction_Impact_TeethIssues,JobSchoolImpact_TeethIssues,AvoidedFoods_TeethIssues
count,11744.0,11739.0,11739.0,7805.0,7805.0,7804.0
mean,136347.8963726158,2.60950677229747,4.191498424056563,4.446636771300448,4.793081358103779,4.3135571501793954
std,3445.9088675956928,1.2260303300074225,0.9908213771535742,0.98587046354615,0.644817926270013,1.1134381046360156
min,130378.0,1.0,1.0,1.0,1.0,1.0
25%,133359.75,2.0,4.0,4.0,5.0,4.0
50%,136354.5,3.0,4.0,5.0,5.0,5.0
75%,139327.25,3.0,5.0,5.0,5.0,5.0
max,142310.0,9.0,9.0,9.0,9.0,9.0
